{
  "algorithm": "kmeans",
  "labels": [
    1,
    1,
    1,
    1,
    1,
    1,
    1,
    1,
    1,
    1,
    1,
    1,
    1,
    1,
    1,
    1,
    1,
    1,
    1,
    1,
    1,
    1,
    1,
    1,
    1,
    1,
    1,
    1,
    1,
    1,
    1,
    1,
    1,
    1,
    1,
    1,
    1,
    1,
    1,
    1,
    1,
    1,
    1,
    1,
    1,
    1,
    1,
    1,
    1,
    1,
    1,
    1,
    1,
    1,
    1,
    1,
    3,
    1,
    1,
    1,
    1,
    1,
    3,
    1,
    1,
    1,
    1,
    1,
    1,
    1,
    1,
    1,
    1,
    1,
    1,
    1,
    1,
    1,
    1,
    1,
    1,
    1,
    1,
    3,
    1,
    1,
    1,
    1,
    1,
    1,
    1,
    1,
    1,
    1,
    1,
    1,
    1,
    1,
    1,
    1,
    2,
    0,
    2,
    2,
    0,
    2,
    2,
    2,
    0,
    0,
    2,
    0,
    0,
    0,
    2,
    2,
    2,
    2,
    2,
    2,
    2,
    0,
    2,
    0,
    2,
    2,
    2,
    2,
    2,
    0,
    0,
    3,
    2,
    0,
    0,
    2,
    2,
    2,
    2,
    0,
    0,
    2,
    0,
    0,
    0,
    2,
    2,
    0,
    2,
    2,
    2,
    2,
    0,
    0,
    2,
    2,
    2,
    0,
    2,
    0,
    2,
    0,
    0,
    2,
    0,
    2,
    2,
    2,
    2,
    2,
    2,
    0,
    2,
    2,
    0,
    2,
    2,
    0,
    2,
    0,
    0,
    2,
    0,
    2,
    0,
    0,
    0,
    0,
    2,
    2,
    0,
    2,
    0,
    0,
    2,
    0,
    2,
    2,
    0,
    2,
    3,
    3,
    3,
    3,
    3,
    3,
    3,
    3,
    3,
    3,
    0,
    3,
    3,
    3,
    3,
    3,
    3,
    3,
    3,
    3,
    3,
    3,
    3,
    3,
    3,
    3,
    3,
    3,
    3,
    3,
    3,
    3,
    3,
    3,
    3,
    3,
    3,
    3,
    3,
    0,
    3,
    3,
    3,
    3,
    3,
    3,
    3,
    3,
    3,
    3,
    3,
    3,
    3,
    3,
    3,
    3,
    3,
    3,
    3,
    3,
    3,
    3,
    3,
    3,
    3,
    3,
    3,
    3,
    3,
    3,
    3,
    3,
    3,
    3,
    3,
    3,
    3,
    3,
    3,
    3,
    3,
    3,
    3,
    3,
    3,
    3,
    3,
    3,
    3,
    3,
    3,
    3,
    3,
    3,
    3,
    3,
    3,
    3,
    3,
    3
  ],
  "cluster_centers": [
    [
      1.282828055434683,
      0.7244642532067983,
      1.182552677899797,
      1.29294109882051,
      0.7739308539642773
    ],
    [
      -0.677840632742207,
      -1.332445964487451,
      -1.1683876991561895,
      -0.9202212892215167,
      -0.07759389399927472
    ],
    [
      1.3270958821429006,
      0.6852624213191253,
      1.1823334993830459,
      1.3056761077540147,
      -0.7798724835415647
    ],
    [
      -0.6508100605096615,
      0.572059561087071,
      -0.0597206009387998,
      -0.4123942788679177,
      0.19098220630271054
    ]
  ],
  "n_clusters": 4,
  "parameters": {
    "n_clusters": 4
  },
  "metrics": {
    "silhouette_score": 0.3826266568814544,
    "calinski_harabasz_score": 296.69387063024976,
    "n_clusters": 4,
    "n_samples": 300
  },
  "data_shape": [
    300,
    5
  ],
  "processed_shape": [
    300,
    5
  ],
  "id": "cbefa4dc",
  "experiment_id": "1016a48f",
  "created_at": "2025-08-26T14:52:50.307822"
}